[{"result":{"__typename":"User","id":"VXNlcjoxODU4MTY1MjAwMjI4MDkzOTUy","community_role":"Admin","legacy":{"id_str":"1858165200228093952","screen_name":"Ama_giGames","name":"Ama-gi 🗽 IFBAP 🐍 56%","follow_request_sent":false,"protected":false,"following":false,"followed_by":false,"blocking":false,"profile_image_url_https":"https://pbs.twimg.com/profile_images/1880985801724416000/LeoKa6U4_normal.jpg","verified":false},"rest_id":"1858165200228093952","super_following":false,"super_follow_eligible":false,"super_followed_by":false,"affiliates_highlighted_label":{},"is_blue_verified":true,"identity_profile_labels_highlighted_label":{}},"id":"VXNlclJlc3VsdHM6MTg1ODE2NTIwMDIyODA5Mzk1Mg=="},{"result":{"__typename":"User","id":"VXNlcjoxNzA5NzYxNjA2NDE3MDU1NzQ1","community_role":"Member","legacy":{"id_str":"1709761606417055745","screen_name":"gfgutierrez1975","name":"Gabriel Gutierrez 🗽☠️🇦🇷🇮🇱🇺🇸","follow_request_sent":false,"protected":false,"following":false,"followed_by":false,"blocking":false,"profile_image_url_https":"https://pbs.twimg.com/profile_images/1709761691397898240/OAftjhu3_normal.png","verified":false},"rest_id":"1709761606417055745","super_following":false,"super_follow_eligible":false,"super_followed_by":false,"affiliates_highlighted_label":{},"is_blue_verified":false,"identity_profile_labels_highlighted_label":{}},"id":"VXNlclJlc3VsdHM6MTcwOTc2MTYwNjQxNzA1NTc0NQ=="},{"result":{"__typename":"User","id":"VXNlcjoxODU2MTcyODU5OTA4OTM1Njgw","community_role":"Member","legacy":{"id_str":"1856172859908935680","screen_name":"ARG_LIBRE_","name":"Cultura Liberal 🧉🇦🇷","follow_request_sent":false,"protected":false,"following":false,"followed_by":false,"blocking":false,"profile_image_url_https":"https://pbs.twimg.com/profile_images/1882917072969125888/wyP2PnBT_normal.jpg","verified":false},"rest_id":"1856172859908935680","super_following":false,"super_follow_eligible":false,"super_followed_by":false,"affiliates_highlighted_label":{},"is_blue_verified":false,"identity_profile_labels_highlighted_label":{}},"id":"VXNlclJlc3VsdHM6MTg1NjE3Mjg1OTkwODkzNTY4MA=="},{"result":{"__typename":"User","id":"VXNlcjoxODIwNjUyNTM2NzE5NjM0NDMy","community_role":"Member","legacy":{"id_str":"1820652536719634432","screen_name":"Emilionicolasok","name":"Emiliano Nicolas🇦🇷","follow_request_sent":false,"protected":false,"following":false,"followed_by":false,"blocking":false,"profile_image_url_https":"https://pbs.twimg.com/profile_images/1835483844675289089/OV7Ehxbb_normal.jpg","verified":false},"rest_id":"1820652536719634432","super_following":false,"super_follow_eligible":false,"super_followed_by":false,"affiliates_highlighted_label":{},"is_blue_verified":false,"identity_profile_labels_highlighted_label":{}},"id":"VXNlclJlc3VsdHM6MTgyMDY1MjUzNjcxOTYzNDQzMg=="},{"result":{"__typename":"User","id":"VXNlcjoxMTIzNzQ2MDk5NDQ4MTc2NjQ0","community_role":"Member","legacy":{"id_str":"1123746099448176644","screen_name":"ProyectoRaffa","name":"PROYECTO RAFFA","follow_request_sent":false,"protected":false,"following":false,"followed_by":false,"blocking":false,"profile_image_url_https":"https://pbs.twimg.com/profile_images/1522734763513155586/XnJI3x3b_normal.jpg","verified":false},"rest_id":"1123746099448176644","super_following":false,"super_follow_eligible":false,"super_followed_by":false,"affiliates_highlighted_label":{},"is_blue_verified":false,"identity_profile_labels_highlighted_label":{}},"id":"VXNlclJlc3VsdHM6MTEyMzc0NjA5OTQ0ODE3NjY0NA=="},{"result":{"__typename":"User","id":"VXNlcjozNTc2OTQ5Njc=","community_role":"Member","legacy":{"id_str":"357694967","screen_name":"orate25","name":"Orate 2025","follow_request_sent":false,"protected":false,"following":false,"followed_by":false,"blocking":false,"profile_image_url_https":"https://pbs.twimg.com/profile_images/1881440282341699584/yLW1ndLO_normal.jpg","verified":false},"rest_id":"357694967","super_following":false,"super_follow_eligible":false,"super_followed_by":false,"affiliates_highlighted_label":{},"is_blue_verified":true,"identity_profile_labels_highlighted_label":{}},"id":"VXNlclJlc3VsdHM6MzU3Njk0OTY3"},{"result":{"__typename":"User","id":"VXNlcjo3MDgxMzg3MTkzMjUzMjczNjA=","community_role":"Member","legacy":{"id_str":"708138719325327360","screen_name":"pocologicos","name":"pocologico","follow_request_sent":false,"protected":false,"following":false,"followed_by":false,"blocking":false,"profile_image_url_https":"https://pbs.twimg.com/profile_images/1814447500272553984/ED1Jak0C_normal.jpg","verified":false},"rest_id":"708138719325327360","super_following":false,"super_follow_eligible":false,"super_followed_by":false,"affiliates_highlighted_label":{},"is_blue_verified":true,"identity_profile_labels_highlighted_label":{}},"id":"VXNlclJlc3VsdHM6NzA4MTM4NzE5MzI1MzI3MzYw"},{"result":{"__typename":"User","id":"VXNlcjoxODkwODY0ODY5NDg3OTE1MDA4","community_role":"Member","legacy":{"id_str":"1890864869487915008","screen_name":"AmaGi_ar","name":"𝐀𝐦𝐚_𝐆𝐢² 🗽 IFBAP 🐍 56%","follow_request_sent":false,"protected":false,"following":false,"followed_by":false,"blocking":false,"profile_image_url_https":"https://pbs.twimg.com/profile_images/1890866517446733824/-eiplqBQ_normal.jpg","verified":false},"rest_id":"1890864869487915008","super_following":false,"super_follow_eligible":false,"super_followed_by":false,"affiliates_highlighted_label":{},"is_blue_verified":false,"identity_profile_labels_highlighted_label":{}},"id":"VXNlclJlc3VsdHM6MTg5MDg2NDg2OTQ4NzkxNTAwOA=="},{"result":{"__typename":"User","id":"VXNlcjo4NzM1MjU5Mzc=","community_role":"Member","legacy":{"id_str":"873525937","screen_name":"elmcflyargento","name":"Marty Mcfly Libertario","follow_request_sent":false,"protected":false,"following":false,"followed_by":false,"blocking":false,"profile_image_url_https":"https://pbs.twimg.com/profile_images/1783108617522094080/0KRx5c1S_normal.jpg","verified":false},"rest_id":"873525937","super_following":false,"super_follow_eligible":false,"super_followed_by":false,"affiliates_highlighted_label":{},"is_blue_verified":true,"identity_profile_labels_highlighted_label":{}},"id":"VXNlclJlc3VsdHM6ODczNTI1OTM3"},{"result":{"__typename":"User","id":"VXNlcjoxNjg5NzA1MDY4ODA5ODg3NzQ0","community_role":"Member","legacy":{"id_str":"1689705068809887744","screen_name":"mileinario","name":"Mileinario D. Miller 🐍 56%","follow_request_sent":false,"protected":false,"following":false,"followed_by":false,"blocking":false,"profile_image_url_https":"https://pbs.twimg.com/profile_images/1807112759294705664/nFBftHeN_normal.jpg","verified":false},"rest_id":"1689705068809887744","super_following":false,"super_follow_eligible":false,"super_followed_by":false,"affiliates_highlighted_label":{},"is_blue_verified":false,"identity_profile_labels_highlighted_label":{}},"id":"VXNlclJlc3VsdHM6MTY4OTcwNTA2ODgwOTg4Nzc0NA=="},{"result":{"__typename":"User","id":"VXNlcjo4NTQwODI2MTI=","community_role":"Member","legacy":{"id_str":"854082612","screen_name":"EncarDiaz8","name":"Encar Díaz","follow_request_sent":false,"protected":false,"following":false,"followed_by":false,"blocking":false,"profile_image_url_https":"https://pbs.twimg.com/profile_images/1861254273755234304/pU5I8B-D_normal.jpg","verified":false},"rest_id":"854082612","super_following":false,"super_follow_eligible":false,"super_followed_by":false,"affiliates_highlighted_label":{},"is_blue_verified":true,"identity_profile_labels_highlighted_label":{}},"id":"VXNlclJlc3VsdHM6ODU0MDgyNjEy"},{"result":{"__typename":"User","id":"VXNlcjoxNzk4NDM2MTI1MDM3NTQzNDI0","community_role":"Member","legacy":{"id_str":"1798436125037543424","screen_name":"AbelardoPe85681","name":"Abelardo Pereyra 2 🇦🇷💙","follow_request_sent":false,"protected":false,"following":false,"followed_by":false,"blocking":false,"profile_image_url_https":"https://pbs.twimg.com/profile_images/1887316357651271681/kJkrwGiI_normal.jpg","verified":false},"rest_id":"1798436125037543424","super_following":false,"super_follow_eligible":false,"super_followed_by":false,"affiliates_highlighted_label":{},"is_blue_verified":false,"identity_profile_labels_highlighted_label":{}},"id":"VXNlclJlc3VsdHM6MTc5ODQzNjEyNTAzNzU0MzQyNA=="},{"result":{"__typename":"User","id":"VXNlcjo4MTY2MTczNTk=","community_role":"Member","legacy":{"id_str":"816617359","screen_name":"JuanPabloEArias","name":"Juan Pablo 🇦🇷🇮🇱🇺🇦💙","follow_request_sent":false,"protected":false,"following":false,"followed_by":false,"blocking":false,"profile_image_url_https":"https://pbs.twimg.com/profile_images/1161723533963251712/x6Eg3YsS_normal.jpg","verified":false},"rest_id":"816617359","super_following":false,"super_follow_eligible":false,"super_followed_by":false,"affiliates_highlighted_label":{},"is_blue_verified":false,"identity_profile_labels_highlighted_label":{}},"id":"VXNlclJlc3VsdHM6ODE2NjE3MzU5"},{"result":{"__typename":"User","id":"VXNlcjo3NDA5MTgwNjgyNjA1NTY4MDA=","community_role":"Member","legacy":{"id_str":"740918068260556800","screen_name":"DanyPampeano","name":"DanyPampeano","follow_request_sent":false,"protected":false,"following":false,"followed_by":false,"blocking":false,"profile_image_url_https":"https://pbs.twimg.com/profile_images/1705441844107046912/5oy_KtNc_normal.jpg","verified":false},"rest_id":"740918068260556800","super_following":false,"super_follow_eligible":false,"super_followed_by":false,"affiliates_highlighted_label":{},"is_blue_verified":false,"identity_profile_labels_highlighted_label":{}},"id":"VXNlclJlc3VsdHM6NzQwOTE4MDY4MjYwNTU2ODAw"},{"result":{"__typename":"User","id":"VXNlcjoxNzUyNzU0NDIxOTU4NjIzMjMy","community_role":"Member","legacy":{"id_str":"1752754421958623232","screen_name":"VLLCLibertario","name":"VLLCLibertario","follow_request_sent":false,"protected":false,"following":false,"followed_by":false,"blocking":false,"profile_image_url_https":"https://pbs.twimg.com/profile_images/1898518934212558848/bfX9iRWx_normal.jpg","verified":false},"rest_id":"1752754421958623232","super_following":false,"super_follow_eligible":false,"super_followed_by":false,"affiliates_highlighted_label":{},"is_blue_verified":false,"identity_profile_labels_highlighted_label":{}},"id":"VXNlclJlc3VsdHM6MTc1Mjc1NDQyMTk1ODYyMzIzMg=="},{"result":{"__typename":"User","id":"VXNlcjoxMjg5Njg5NTc5","community_role":"Member","legacy":{"id_str":"1289689579","screen_name":"JarmRozo","name":"Julian Andres Rozo M","follow_request_sent":false,"protected":false,"following":false,"followed_by":false,"blocking":false,"profile_image_url_https":"https://pbs.twimg.com/profile_images/1779797825456402432/ao4eTs5F_normal.jpg","verified":false},"rest_id":"1289689579","super_following":false,"super_follow_eligible":false,"super_followed_by":false,"affiliates_highlighted_label":{},"is_blue_verified":false,"identity_profile_labels_highlighted_label":{}},"id":"VXNlclJlc3VsdHM6MTI4OTY4OTU3OQ=="},{"result":{"__typename":"User","id":"VXNlcjoxNjQ3NzUzODI5MTcyMDE1MTA1","community_role":"Member","legacy":{"id_str":"1647753829172015105","screen_name":"rioscarolyna","name":"Carolina Rios Machuca","follow_request_sent":false,"protected":false,"following":false,"followed_by":false,"blocking":false,"profile_image_url_https":"https://pbs.twimg.com/profile_images/1881032867603451904/pW9boOPv_normal.jpg","verified":false},"rest_id":"1647753829172015105","super_following":false,"super_follow_eligible":false,"super_followed_by":false,"affiliates_highlighted_label":{},"is_blue_verified":false,"identity_profile_labels_highlighted_label":{}},"id":"VXNlclJlc3VsdHM6MTY0Nzc1MzgyOTE3MjAxNTEwNQ=="},{"result":{"__typename":"User","id":"VXNlcjoxODc4ODUxMTA4NDUxMzUyNTc2","community_role":"Member","legacy":{"id_str":"1878851108451352576","screen_name":"Patigalvan90","name":"Patricia","follow_request_sent":false,"protected":false,"following":false,"followed_by":false,"blocking":false,"profile_image_url_https":"https://pbs.twimg.com/profile_images/1887463212427120640/BlvmpEV1_normal.jpg","verified":false},"rest_id":"1878851108451352576","super_following":false,"super_follow_eligible":false,"super_followed_by":false,"affiliates_highlighted_label":{},"is_blue_verified":false,"identity_profile_labels_highlighted_label":{}},"id":"VXNlclJlc3VsdHM6MTg3ODg1MTEwODQ1MTM1MjU3Ng=="},{"result":{"__typename":"User","id":"VXNlcjoyODA3NDU0NDAy","community_role":"Member","legacy":{"id_str":"2807454402","screen_name":"MaxLifeOK","name":"Max","follow_request_sent":false,"protected":false,"following":false,"followed_by":false,"blocking":false,"profile_image_url_https":"https://pbs.twimg.com/profile_images/1658119183077457921/oVyb1Lli_normal.jpg","verified":false},"rest_id":"2807454402","super_following":false,"super_follow_eligible":false,"super_followed_by":false,"affiliates_highlighted_label":{},"is_blue_verified":false,"identity_profile_labels_highlighted_label":{}},"id":"VXNlclJlc3VsdHM6MjgwNzQ1NDQwMg=="},{"result":{"__typename":"User","id":"VXNlcjoxNzUyMzM3ODUzNTk2NDUwODE2","community_role":"Member","legacy":{"id_str":"1752337853596450816","screen_name":"chico11981","name":"Sebastian Ariel","follow_request_sent":false,"protected":false,"following":false,"followed_by":false,"blocking":false,"profile_image_url_https":"https://pbs.twimg.com/profile_images/1752338047893413888/ZNsRxPJY_normal.jpg","verified":false},"rest_id":"1752337853596450816","super_following":false,"super_follow_eligible":false,"super_followed_by":false,"affiliates_highlighted_label":{},"is_blue_verified":false,"identity_profile_labels_highlighted_label":{}},"id":"VXNlclJlc3VsdHM6MTc1MjMzNzg1MzU5NjQ1MDgxNg=="},{"result":{"__typename":"User","id":"VXNlcjoxNDU1MDQwMDg4Mjc5MzMwODE4","community_role":"Member","legacy":{"id_str":"1455040088279330818","screen_name":"Francis54228129","name":"Dragón Blanco","follow_request_sent":false,"protected":false,"following":false,"followed_by":false,"blocking":false,"profile_image_url_https":"https://pbs.twimg.com/profile_images/1794766661720973312/OuXBXRbL_normal.jpg","verified":false},"rest_id":"1455040088279330818","super_following":false,"super_follow_eligible":false,"super_followed_by":false,"affiliates_highlighted_label":{},"is_blue_verified":false,"identity_profile_labels_highlighted_label":{}},"id":"VXNlclJlc3VsdHM6MTQ1NTA0MDA4ODI3OTMzMDgxOA=="},{"result":{"__typename":"User","id":"VXNlcjoxNjgxODY3NDY4OTk2ODUzNzYy","community_role":"Member","legacy":{"id_str":"1681867468996853762","screen_name":"Juan1439055","name":"Juan","follow_request_sent":false,"protected":false,"following":false,"followed_by":false,"blocking":false,"profile_image_url_https":"https://abs.twimg.com/sticky/default_profile_images/default_profile_normal.png","verified":false},"rest_id":"1681867468996853762","super_following":false,"super_follow_eligible":false,"super_followed_by":false,"affiliates_highlighted_label":{},"is_blue_verified":false,"identity_profile_labels_highlighted_label":{}},"id":"VXNlclJlc3VsdHM6MTY4MTg2NzQ2ODk5Njg1Mzc2Mg=="},{"result":{"__typename":"User","id":"VXNlcjoyODMxNDE3NTUz","community_role":"Member","legacy":{"id_str":"2831417553","screen_name":"ciclocumplido","name":"Castigador negro y amarillo","follow_request_sent":false,"protected":false,"following":false,"followed_by":false,"blocking":false,"profile_image_url_https":"https://pbs.twimg.com/profile_images/1799988027185377280/fABG0UZJ_normal.jpg","verified":false},"rest_id":"2831417553","super_following":false,"super_follow_eligible":false,"super_followed_by":false,"affiliates_highlighted_label":{},"is_blue_verified":false,"identity_profile_labels_highlighted_label":{}},"id":"VXNlclJlc3VsdHM6MjgzMTQxNzU1Mw=="},{"result":{"__typename":"User","id":"VXNlcjoxODkxNDc3NjMwMTQ4MzA0ODk3","community_role":"Member","legacy":{"id_str":"1891477630148304897","screen_name":"LuisEn2675","name":"Luis Enrique","follow_request_sent":false,"protected":false,"following":false,"followed_by":false,"blocking":false,"profile_image_url_https":"https://pbs.twimg.com/profile_images/1891657558764503040/ttvRKFh3_normal.jpg","verified":false},"rest_id":"1891477630148304897","super_following":false,"super_follow_eligible":false,"super_followed_by":false,"affiliates_highlighted_label":{},"is_blue_verified":false,"identity_profile_labels_highlighted_label":{}},"id":"VXNlclJlc3VsdHM6MTg5MTQ3NzYzMDE0ODMwNDg5Nw=="},{"result":{"__typename":"User","id":"VXNlcjoxODQxNjY4NDU4Mzg1MjE1NDg4","community_role":"Member","legacy":{"id_str":"1841668458385215488","screen_name":"GabyGarcete3224","name":"Gaby","follow_request_sent":false,"protected":false,"following":false,"followed_by":false,"blocking":false,"profile_image_url_https":"https://pbs.twimg.com/profile_images/1894231696783872000/UmvDZiZO_normal.jpg","verified":false},"rest_id":"1841668458385215488","super_following":false,"super_follow_eligible":false,"super_followed_by":false,"affiliates_highlighted_label":{},"is_blue_verified":false,"identity_profile_labels_highlighted_label":{}},"id":"VXNlclJlc3VsdHM6MTg0MTY2ODQ1ODM4NTIxNTQ4OA=="},{"result":{"__typename":"User","id":"VXNlcjoxNzU1MjU2NDUxMDA0NTAyMDE2","community_role":"Member","legacy":{"id_str":"1755256451004502016","screen_name":"Eduardo90823","name":"Eduardo","follow_request_sent":false,"protected":false,"following":false,"followed_by":false,"blocking":false,"profile_image_url_https":"https://abs.twimg.com/sticky/default_profile_images/default_profile_normal.png","verified":false},"rest_id":"1755256451004502016","super_following":false,"super_follow_eligible":false,"super_followed_by":false,"affiliates_highlighted_label":{},"is_blue_verified":false,"identity_profile_labels_highlighted_label":{}},"id":"VXNlclJlc3VsdHM6MTc1NTI1NjQ1MTAwNDUwMjAxNg=="},{"result":{"__typename":"User","id":"VXNlcjoxODkxODk5MTMyOTA3ODM5NDg5","community_role":"Member","legacy":{"id_str":"1891899132907839489","screen_name":"GigaTermoOrlado","name":"Giga Termo","follow_request_sent":false,"protected":false,"following":false,"followed_by":false,"blocking":false,"profile_image_url_https":"https://pbs.twimg.com/profile_images/1892999953296826368/lpgBTU9__normal.jpg","verified":false},"rest_id":"1891899132907839489","super_following":false,"super_follow_eligible":false,"super_followed_by":false,"affiliates_highlighted_label":{},"is_blue_verified":false,"identity_profile_labels_highlighted_label":{}},"id":"VXNlclJlc3VsdHM6MTg5MTg5OTEzMjkwNzgzOTQ4OQ=="},{"result":{"__typename":"User","id":"VXNlcjoxODkyNzc5NDM5OTAzMTM3Nzky","community_role":"Member","legacy":{"id_str":"1892779439903137792","screen_name":"SantiCaputo666","name":"Agrupación La Santi Caputo","follow_request_sent":false,"protected":false,"following":false,"followed_by":false,"blocking":false,"profile_image_url_https":"https://pbs.twimg.com/profile_images/1892794680485580801/r_BAa7NT_normal.jpg","verified":false},"rest_id":"1892779439903137792","super_following":false,"super_follow_eligible":false,"super_followed_by":false,"affiliates_highlighted_label":{},"is_blue_verified":false,"identity_profile_labels_highlighted_label":{}},"id":"VXNlclJlc3VsdHM6MTg5Mjc3OTQzOTkwMzEzNzc5Mg=="},{"result":{"__typename":"User","id":"VXNlcjoxNTYwNDYxNTY4","community_role":"Member","legacy":{"id_str":"1560461568","screen_name":"drezzssher","name":"Drezzssher Notcrejvisch Bhawkt Ortiz _LDrekho","follow_request_sent":false,"protected":false,"following":false,"followed_by":false,"blocking":false,"profile_image_url_https":"https://pbs.twimg.com/profile_images/1893014829587161088/6cqXsFVF_normal.jpg","verified":false},"rest_id":"1560461568","super_following":false,"super_follow_eligible":false,"super_followed_by":false,"affiliates_highlighted_label":{},"is_blue_verified":false,"identity_profile_labels_highlighted_label":{}},"id":"VXNlclJlc3VsdHM6MTU2MDQ2MTU2OA=="},{"result":{"__typename":"User","id":"VXNlcjoxNjkyNzY2MTU2NTE0MjkxNzEy","community_role":"Member","legacy":{"id_str":"1692766156514291712","screen_name":"dan_conia","name":"D'Anconia 🍓🍓🍓⚡FDC⚡️ᵖᵃʳᵒᵈʸ","follow_request_sent":false,"protected":false,"following":false,"followed_by":false,"blocking":false,"profile_image_url_https":"https://pbs.twimg.com/profile_images/1868976193489326080/crPpIW-O_normal.jpg","verified":false},"rest_id":"1692766156514291712","super_following":false,"super_follow_eligible":false,"super_followed_by":false,"affiliates_highlighted_label":{},"is_blue_verified":true,"identity_profile_labels_highlighted_label":{}},"id":"VXNlclJlc3VsdHM6MTY5Mjc2NjE1NjUxNDI5MTcxMg=="},{"result":{"__typename":"User","id":"VXNlcjoxOTIyODk5NTk=","community_role":"Member","legacy":{"id_str":"192289959","screen_name":"Observador_32","name":"Sr_Observador","follow_request_sent":false,"protected":false,"following":false,"followed_by":false,"blocking":false,"profile_image_url_https":"https://pbs.twimg.com/profile_images/1893149428271202304/ZF3nmHMp_normal.jpg","verified":false},"rest_id":"192289959","super_following":false,"super_follow_eligible":false,"super_followed_by":false,"affiliates_highlighted_label":{},"is_blue_verified":false,"identity_profile_labels_highlighted_label":{}},"id":"VXNlclJlc3VsdHM6MTkyMjg5OTU5"},{"result":{"__typename":"User","id":"VXNlcjoxNjM1Mzc4NTk2NDg2MzAzNzQ1","community_role":"Member","legacy":{"id_str":"1635378596486303745","screen_name":"E98087728Sandra","name":"Sandra 💕🇦🇷💪🦁","follow_request_sent":false,"protected":false,"following":false,"followed_by":false,"blocking":false,"profile_image_url_https":"https://pbs.twimg.com/profile_images/1769000220807880704/AO96KOC5_normal.jpg","verified":false},"rest_id":"1635378596486303745","super_following":false,"super_follow_eligible":false,"super_followed_by":false,"affiliates_highlighted_label":{},"is_blue_verified":false,"identity_profile_labels_highlighted_label":{}},"id":"VXNlclJlc3VsdHM6MTYzNTM3ODU5NjQ4NjMwMzc0NQ=="},{"result":{"__typename":"User","id":"VXNlcjoxNzMwMjU0NjIzNzIwNTU4NTky","community_role":"Member","legacy":{"id_str":"1730254623720558592","screen_name":"zabirecik","name":"😭S🪹A😪B🥲İ😥R🪽E🤕","follow_request_sent":false,"protected":true,"following":false,"followed_by":false,"blocking":false,"profile_image_url_https":"https://pbs.twimg.com/profile_images/1894191662659780608/APVeH1KV_normal.jpg","verified":false},"rest_id":"1730254623720558592","super_following":false,"super_follow_eligible":false,"super_followed_by":false,"affiliates_highlighted_label":{},"is_blue_verified":false,"identity_profile_labels_highlighted_label":{}},"id":"VXNlclJlc3VsdHM6MTczMDI1NDYyMzcyMDU1ODU5Mg=="},{"result":{"__typename":"User","id":"VXNlcjozMjI5MDkxNjA=","community_role":"Member","legacy":{"id_str":"322909160","screen_name":"cirujacampeon","name":"𝐻𝓊𝑔𝑜𝒸𝒾𝓇𝓊𝒿𝒶","follow_request_sent":false,"protected":false,"following":false,"followed_by":false,"blocking":false,"profile_image_url_https":"https://pbs.twimg.com/profile_images/1332878337405054976/GkfCuscK_normal.jpg","verified":false},"rest_id":"322909160","super_following":false,"super_follow_eligible":false,"super_followed_by":false,"affiliates_highlighted_label":{},"is_blue_verified":false,"identity_profile_labels_highlighted_label":{}},"id":"VXNlclJlc3VsdHM6MzIyOTA5MTYw"},{"result":{"__typename":"User","id":"VXNlcjo3NzU3NjMxMA==","community_role":"Member","legacy":{"id_str":"77576310","screen_name":"jorge0911","name":"Jorge Flores Gallegos 🇵🇪","follow_request_sent":false,"protected":false,"following":false,"followed_by":false,"blocking":false,"profile_image_url_https":"https://pbs.twimg.com/profile_images/1668070910639652865/9v93tSYd_normal.jpg","verified":false},"rest_id":"77576310","super_following":false,"super_follow_eligible":false,"super_followed_by":false,"affiliates_highlighted_label":{},"is_blue_verified":true,"identity_profile_labels_highlighted_label":{}},"id":"VXNlclJlc3VsdHM6Nzc1NzYzMTA="},{"result":{"__typename":"User","id":"VXNlcjoxNjUxODk4MDQ0MjMxNzAwNDgw","community_role":"Member","legacy":{"id_str":"1651898044231700480","screen_name":"Diego_Zebalt","name":"Diegotex🇸🇪","follow_request_sent":false,"protected":false,"following":false,"followed_by":false,"blocking":false,"profile_image_url_https":"https://pbs.twimg.com/profile_images/1888970042080989184/3SdLpfwT_normal.jpg","verified":false},"rest_id":"1651898044231700480","super_following":false,"super_follow_eligible":false,"super_followed_by":false,"affiliates_highlighted_label":{},"is_blue_verified":false,"identity_profile_labels_highlighted_label":{}},"id":"VXNlclJlc3VsdHM6MTY1MTg5ODA0NDIzMTcwMDQ4MA=="},{"result":{"__typename":"User","id":"VXNlcjo5NzM5MzQ1NQ==","community_role":"Member","legacy":{"id_str":"97393455","screen_name":"ScottFerdinand","name":"Ferdinand","follow_request_sent":false,"protected":false,"following":false,"followed_by":false,"blocking":false,"profile_image_url_https":"https://pbs.twimg.com/profile_images/1734162111452905472/yhbmkk43_normal.jpg","verified":false},"rest_id":"97393455","super_following":false,"super_follow_eligible":false,"super_followed_by":false,"affiliates_highlighted_label":{},"is_blue_verified":false,"identity_profile_labels_highlighted_label":{}},"id":"VXNlclJlc3VsdHM6OTczOTM0NTU="},{"result":{"__typename":"User","id":"VXNlcjoxODc4MTgwNTQ5MTMyNDc2NDE2","community_role":"Member","legacy":{"id_str":"1878180549132476416","screen_name":"64mqryvnvm","name":"gise","follow_request_sent":false,"protected":false,"following":false,"followed_by":false,"blocking":false,"profile_image_url_https":"https://pbs.twimg.com/profile_images/1878268260895821825/qaIVsgdt_normal.jpg","verified":false},"rest_id":"1878180549132476416","super_following":false,"super_follow_eligible":false,"super_followed_by":false,"affiliates_highlighted_label":{},"is_blue_verified":false,"identity_profile_labels_highlighted_label":{}},"id":"VXNlclJlc3VsdHM6MTg3ODE4MDU0OTEzMjQ3NjQxNg=="},{"result":{"__typename":"User","id":"VXNlcjozMzgzNjg2NzUw","community_role":"Member","legacy":{"id_str":"3383686750","screen_name":"mario_mephisto","name":"J. Mephisto🇨🇴🇩🇪🇦🇷🇮🇱","follow_request_sent":false,"protected":false,"following":false,"followed_by":false,"blocking":false,"profile_image_url_https":"https://pbs.twimg.com/profile_images/1740805175185477632/R9ulATep_normal.jpg","verified":false},"rest_id":"3383686750","super_following":false,"super_follow_eligible":false,"super_followed_by":false,"affiliates_highlighted_label":{},"is_blue_verified":true,"identity_profile_labels_highlighted_label":{}},"id":"VXNlclJlc3VsdHM6MzM4MzY4Njc1MA=="},{"result":{"__typename":"User","id":"VXNlcjoxMDk3Njk4MTMw","community_role":"Member","legacy":{"id_str":"1097698130","screen_name":"josemariablanc3","name":"jose Mª","follow_request_sent":false,"protected":false,"following":false,"followed_by":false,"blocking":false,"profile_image_url_https":"https://pbs.twimg.com/profile_images/688583227058053120/GwUlawBP_normal.jpg","verified":false},"rest_id":"1097698130","super_following":false,"super_follow_eligible":false,"super_followed_by":false,"affiliates_highlighted_label":{},"is_blue_verified":false,"identity_profile_labels_highlighted_label":{}},"id":"VXNlclJlc3VsdHM6MTA5NzY5ODEzMA=="},{"result":{"__typename":"User","id":"VXNlcjoxMjcwMjY5Mjg=","community_role":"Member","legacy":{"id_str":"127026928","screen_name":"The_Bandito","name":"The Bandito","follow_request_sent":false,"protected":false,"following":false,"followed_by":false,"blocking":false,"profile_image_url_https":"https://pbs.twimg.com/profile_images/1858993914813743104/KB10jmpV_normal.jpg","verified":false},"rest_id":"127026928","super_following":false,"super_follow_eligible":false,"super_followed_by":false,"affiliates_highlighted_label":{},"is_blue_verified":false,"identity_profile_labels_highlighted_label":{}},"id":"VXNlclJlc3VsdHM6MTI3MDI2OTI4"},{"result":{"__typename":"User","id":"VXNlcjoxODk0MjE5Mzc1Mjk4NjU4MzA0","community_role":"Member","legacy":{"id_str":"1894219375298658304","screen_name":"GigaLloraloKuka","name":"Giga Lloralo Ku-k","follow_request_sent":false,"protected":false,"following":false,"followed_by":false,"blocking":false,"profile_image_url_https":"https://pbs.twimg.com/profile_images/1894225330971242496/cLn503g-_normal.jpg","verified":false},"rest_id":"1894219375298658304","super_following":false,"super_follow_eligible":false,"super_followed_by":false,"affiliates_highlighted_label":{},"is_blue_verified":false,"identity_profile_labels_highlighted_label":{}},"id":"VXNlclJlc3VsdHM6MTg5NDIxOTM3NTI5ODY1ODMwNA=="},{"result":{"__typename":"User","id":"VXNlcjoxODM2ODE2MjkwODg0Nzk2NDE3","community_role":"Member","legacy":{"id_str":"1836816290884796417","screen_name":"AngeloM93572","name":"Vera Angel Milagro","follow_request_sent":false,"protected":false,"following":false,"followed_by":false,"blocking":false,"profile_image_url_https":"https://pbs.twimg.com/profile_images/1836816969607024641/mS3tT7GF_normal.jpg","verified":false},"rest_id":"1836816290884796417","super_following":false,"super_follow_eligible":false,"super_followed_by":false,"affiliates_highlighted_label":{},"is_blue_verified":false,"identity_profile_labels_highlighted_label":{}},"id":"VXNlclJlc3VsdHM6MTgzNjgxNjI5MDg4NDc5NjQxNw=="},{"result":{"__typename":"User","id":"VXNlcjoyMTI5MjYwMjM=","community_role":"Member","legacy":{"id_str":"212926023","screen_name":"rubienillo","name":"ruben liendro","follow_request_sent":false,"protected":false,"following":false,"followed_by":false,"blocking":false,"profile_image_url_https":"https://pbs.twimg.com/profile_images/604787537144639488/Mj-YtNte_normal.jpg","verified":false},"rest_id":"212926023","super_following":false,"super_follow_eligible":false,"super_followed_by":false,"affiliates_highlighted_label":{},"is_blue_verified":false,"identity_profile_labels_highlighted_label":{}},"id":"VXNlclJlc3VsdHM6MjEyOTI2MDIz"},{"result":{"__typename":"User","id":"VXNlcjozNzc0OTc3NTQ=","community_role":"Member","legacy":{"id_str":"377497754","screen_name":"augustosian","name":"Augusto Sian","follow_request_sent":false,"protected":false,"following":false,"followed_by":false,"blocking":false,"profile_image_url_https":"https://pbs.twimg.com/profile_images/767700359045378048/tUeogziL_normal.jpg","verified":false},"rest_id":"377497754","super_following":false,"super_follow_eligible":false,"super_followed_by":false,"affiliates_highlighted_label":{},"is_blue_verified":false,"identity_profile_labels_highlighted_label":{}},"id":"VXNlclJlc3VsdHM6Mzc3NDk3NzU0"},{"result":{"__typename":"User","id":"VXNlcjoxMDczMjAzMjY1NzMzNTgyODQ4","community_role":"Member","legacy":{"id_str":"1073203265733582848","screen_name":"ArielFabAya","name":"Ariel Dogos","follow_request_sent":false,"protected":false,"following":false,"followed_by":false,"blocking":false,"profile_image_url_https":"https://pbs.twimg.com/profile_images/1835315748857622528/5cHI_8d9_normal.jpg","verified":false},"rest_id":"1073203265733582848","super_following":false,"super_follow_eligible":false,"super_followed_by":false,"affiliates_highlighted_label":{},"is_blue_verified":true,"identity_profile_labels_highlighted_label":{}},"id":"VXNlclJlc3VsdHM6MTA3MzIwMzI2NTczMzU4Mjg0OA=="},{"result":{"__typename":"User","id":"VXNlcjo5NjU1Njk3ODQ=","community_role":"Member","legacy":{"id_str":"965569784","screen_name":"LaBrownAR","name":"La Brown","follow_request_sent":false,"protected":false,"following":false,"followed_by":false,"blocking":false,"profile_image_url_https":"https://pbs.twimg.com/profile_images/1898516702301691904/xoi0YeU-_normal.jpg","verified":false},"rest_id":"965569784","super_following":false,"super_follow_eligible":false,"super_followed_by":false,"affiliates_highlighted_label":{},"is_blue_verified":false,"identity_profile_labels_highlighted_label":{}},"id":"VXNlclJlc3VsdHM6OTY1NTY5Nzg0"},{"result":{"__typename":"User","id":"VXNlcjoxMTQ2NDE4MTYzMjM3Njg3Mjk2","community_role":"Member","legacy":{"id_str":"1146418163237687296","screen_name":"panthotenic","name":"Panthotenic","follow_request_sent":false,"protected":false,"following":false,"followed_by":false,"blocking":false,"profile_image_url_https":"https://pbs.twimg.com/profile_images/1900191589038743552/BwdWl8Co_normal.jpg","verified":false},"rest_id":"1146418163237687296","super_following":false,"super_follow_eligible":false,"super_followed_by":false,"affiliates_highlighted_label":{},"is_blue_verified":false,"identity_profile_labels_highlighted_label":{}},"id":"VXNlclJlc3VsdHM6MTE0NjQxODE2MzIzNzY4NzI5Ng=="},{"result":{"__typename":"User","id":"VXNlcjoxMjk2MTUzMzI4NTkwNTg1ODYx","community_role":"Member","legacy":{"id_str":"1296153328590585861","screen_name":"ElfDoric","name":"Doric 🌞","follow_request_sent":false,"protected":false,"following":false,"followed_by":false,"blocking":false,"profile_image_url_https":"https://pbs.twimg.com/profile_images/1674827787964907521/j2yWKupJ_normal.jpg","verified":false},"rest_id":"1296153328590585861","super_following":false,"super_follow_eligible":false,"super_followed_by":false,"affiliates_highlighted_label":{},"is_blue_verified":false,"identity_profile_labels_highlighted_label":{}},"id":"VXNlclJlc3VsdHM6MTI5NjE1MzMyODU5MDU4NTg2MQ=="},{"result":{"__typename":"User","id":"VXNlcjoxODk1MjY5Mzc3NjM5MDU1MzYw","community_role":"Member","legacy":{"id_str":"1895269377639055360","screen_name":"Mileista_10","name":"MILTON LIBERAL🦁","follow_request_sent":false,"protected":false,"following":false,"followed_by":false,"blocking":false,"profile_image_url_https":"https://pbs.twimg.com/profile_images/1895271746187472896/VKRNVLOS_normal.jpg","verified":false},"rest_id":"1895269377639055360","super_following":false,"super_follow_eligible":false,"super_followed_by":false,"affiliates_highlighted_label":{},"is_blue_verified":false,"identity_profile_labels_highlighted_label":{}},"id":"VXNlclJlc3VsdHM6MTg5NTI2OTM3NzYzOTA1NTM2MA=="},{"result":{"__typename":"User","id":"VXNlcjoxMjkxOTE2MjczNzE5NDIyOTc2","community_role":"Member","legacy":{"id_str":"1291916273719422976","screen_name":"RubnAlbertoSot2","name":"Rubén","follow_request_sent":false,"protected":false,"following":false,"followed_by":false,"blocking":false,"profile_image_url_https":"https://pbs.twimg.com/profile_images/1896903239498362880/3kYCplmA_normal.jpg","verified":false},"rest_id":"1291916273719422976","super_following":false,"super_follow_eligible":false,"super_followed_by":false,"affiliates_highlighted_label":{},"is_blue_verified":false,"identity_profile_labels_highlighted_label":{}},"id":"VXNlclJlc3VsdHM6MTI5MTkxNjI3MzcxOTQyMjk3Ng=="},{"result":{"__typename":"User","id":"VXNlcjoxODI5MjU5NzAyNDcyOTQ5NzYw","community_role":"Member","legacy":{"id_str":"1829259702472949760","screen_name":"maxigaucho1990","name":"maxigauchowilches","follow_request_sent":false,"protected":false,"following":false,"followed_by":false,"blocking":false,"profile_image_url_https":"https://pbs.twimg.com/profile_images/1829260733130985472/8WTZWBfz_normal.jpg","verified":false},"rest_id":"1829259702472949760","super_following":false,"super_follow_eligible":false,"super_followed_by":false,"affiliates_highlighted_label":{},"is_blue_verified":false,"identity_profile_labels_highlighted_label":{}},"id":"VXNlclJlc3VsdHM6MTgyOTI1OTcwMjQ3Mjk0OTc2MA=="},{"result":{"__typename":"User","id":"VXNlcjoxNDk0MDEyMDYxMzU3MTU4NDA5","community_role":"Member","legacy":{"id_str":"1494012061357158409","screen_name":"AlexVonCebol","name":"Alexander Von Cebol","follow_request_sent":false,"protected":false,"following":false,"followed_by":false,"blocking":false,"profile_image_url_https":"https://pbs.twimg.com/profile_images/1694293190143098880/BwRpLn9p_normal.png","verified":false},"rest_id":"1494012061357158409","super_following":false,"super_follow_eligible":false,"super_followed_by":false,"affiliates_highlighted_label":{},"is_blue_verified":false,"identity_profile_labels_highlighted_label":{}},"id":"VXNlclJlc3VsdHM6MTQ5NDAxMjA2MTM1NzE1ODQwOQ=="},{"result":{"__typename":"User","id":"VXNlcjo3NDE3MDc3Ng==","community_role":"Member","legacy":{"id_str":"74170776","screen_name":"JorLuAcosta","name":"Jorge Acosta 💙🌊","follow_request_sent":false,"protected":false,"following":false,"followed_by":false,"blocking":false,"profile_image_url_https":"https://pbs.twimg.com/profile_images/1617508212210540544/Vz94lXlW_normal.jpg","verified":false},"rest_id":"74170776","super_following":false,"super_follow_eligible":false,"super_followed_by":false,"affiliates_highlighted_label":{},"is_blue_verified":false,"identity_profile_labels_highlighted_label":{}},"id":"VXNlclJlc3VsdHM6NzQxNzA3NzY="},{"result":{"__typename":"User","id":"VXNlcjo0ODQzODE5NzE1","community_role":"Member","legacy":{"id_str":"4843819715","screen_name":"1charlybrown","name":"charlybrown","follow_request_sent":false,"protected":false,"following":false,"followed_by":false,"blocking":false,"profile_image_url_https":"https://pbs.twimg.com/profile_images/1683498069298495488/YMynpAzn_normal.png","verified":false},"rest_id":"4843819715","super_following":false,"super_follow_eligible":false,"super_followed_by":false,"affiliates_highlighted_label":{},"is_blue_verified":false,"identity_profile_labels_highlighted_label":{}},"id":"VXNlclJlc3VsdHM6NDg0MzgxOTcxNQ=="},{"result":{"__typename":"User","id":"VXNlcjoyODI4MzkxMzQx","community_role":"Member","legacy":{"id_str":"2828391341","screen_name":"sulapolaca","name":"susana spiegal","follow_request_sent":false,"protected":false,"following":false,"followed_by":false,"blocking":false,"profile_image_url_https":"https://pbs.twimg.com/profile_images/1889996723197538304/X_lyK5sl_normal.jpg","verified":false},"rest_id":"2828391341","super_following":false,"super_follow_eligible":false,"super_followed_by":false,"affiliates_highlighted_label":{},"is_blue_verified":false,"identity_profile_labels_highlighted_label":{}},"id":"VXNlclJlc3VsdHM6MjgyODM5MTM0MQ=="},{"result":{"__typename":"User","id":"VXNlcjoxODUwNjE2OTE3NTM2NTE0MDQ4","community_role":"Member","legacy":{"id_str":"1850616917536514048","screen_name":"freebillio25814","name":"Freebillion X","follow_request_sent":false,"protected":false,"following":false,"followed_by":false,"blocking":false,"profile_image_url_https":"https://pbs.twimg.com/profile_images/1850616971869425664/NyMBjKqw_normal.png","verified":false},"rest_id":"1850616917536514048","super_following":false,"super_follow_eligible":false,"super_followed_by":false,"affiliates_highlighted_label":{},"is_blue_verified":false,"identity_profile_labels_highlighted_label":{}},"id":"VXNlclJlc3VsdHM6MTg1MDYxNjkxNzUzNjUxNDA0OA=="},{"result":{"__typename":"User","id":"VXNlcjoxNzEwMDQyNzM2NTkyNjI1NjY0","community_role":"Member","legacy":{"id_str":"1710042736592625664","screen_name":"GabrielPer76372","name":"Gabriel Pérez Lucena","follow_request_sent":false,"protected":false,"following":false,"followed_by":false,"blocking":false,"profile_image_url_https":"https://pbs.twimg.com/profile_images/1815906158562983936/G232vCaM_normal.jpg","verified":false},"rest_id":"1710042736592625664","super_following":false,"super_follow_eligible":false,"super_followed_by":false,"affiliates_highlighted_label":{},"is_blue_verified":false,"identity_profile_labels_highlighted_label":{}},"id":"VXNlclJlc3VsdHM6MTcxMDA0MjczNjU5MjYyNTY2NA=="},{"result":{"__typename":"User","id":"VXNlcjo5MDU4NDMwMTY4Mjg2Mjg5OTM=","community_role":"Member","legacy":{"id_str":"905843016828628993","screen_name":"CaffaroGerardo","name":"Gerardo José Caffaro","follow_request_sent":false,"protected":false,"following":false,"followed_by":false,"blocking":false,"profile_image_url_https":"https://pbs.twimg.com/profile_images/1449897998008209410/vv2xCyeQ_normal.jpg","verified":false},"rest_id":"905843016828628993","super_following":false,"super_follow_eligible":false,"super_followed_by":false,"affiliates_highlighted_label":{},"is_blue_verified":true,"identity_profile_labels_highlighted_label":{}},"id":"VXNlclJlc3VsdHM6OTA1ODQzMDE2ODI4NjI4OTkz"},{"result":{"__typename":"User","id":"VXNlcjoxNTAwMzY5OTkyNjQ2Mjg3MzY1","community_role":"Member","legacy":{"id_str":"1500369992646287365","screen_name":"shibatron333","name":"ThePriest","follow_request_sent":false,"protected":false,"following":false,"followed_by":false,"blocking":false,"profile_image_url_https":"https://pbs.twimg.com/profile_images/1500371063515013121/mxd597KE_normal.jpg","verified":false},"rest_id":"1500369992646287365","super_following":false,"super_follow_eligible":false,"super_followed_by":false,"affiliates_highlighted_label":{},"is_blue_verified":false,"identity_profile_labels_highlighted_label":{}},"id":"VXNlclJlc3VsdHM6MTUwMDM2OTk5MjY0NjI4NzM2NQ=="},{"result":{"__typename":"User","id":"VXNlcjoxNzU4MTUwODg4NjYzNzY5MDg4","community_role":"Member","legacy":{"id_str":"1758150888663769088","screen_name":"JavierC91126553","name":"Javier Chaves","follow_request_sent":false,"protected":false,"following":false,"followed_by":false,"blocking":false,"profile_image_url_https":"https://pbs.twimg.com/profile_images/1861198361946124288/CUp3lEks_normal.jpg","verified":false},"rest_id":"1758150888663769088","super_following":false,"super_follow_eligible":false,"super_followed_by":false,"affiliates_highlighted_label":{},"is_blue_verified":false,"identity_profile_labels_highlighted_label":{}},"id":"VXNlclJlc3VsdHM6MTc1ODE1MDg4ODY2Mzc2OTA4OA=="},{"result":{"__typename":"User","id":"VXNlcjoxMTc2OTUyNzY2","community_role":"Member","legacy":{"id_str":"1176952766","screen_name":"NFrancile","name":"Nestor FRANCILE","follow_request_sent":false,"protected":false,"following":false,"followed_by":false,"blocking":false,"profile_image_url_https":"https://pbs.twimg.com/profile_images/1636567179909820416/AVmEHRIy_normal.jpg","verified":false},"rest_id":"1176952766","super_following":false,"super_follow_eligible":false,"super_followed_by":false,"affiliates_highlighted_label":{},"is_blue_verified":false,"identity_profile_labels_highlighted_label":{}},"id":"VXNlclJlc3VsdHM6MTE3Njk1Mjc2Ng=="},{"result":{"__typename":"User","id":"VXNlcjoxODY4NzcwMDk3MjYwNjQyMzA0","community_role":"Member","legacy":{"id_str":"1868770097260642304","screen_name":"elpaleolib21981","name":"EL JESÚS DE MARVEL","follow_request_sent":false,"protected":false,"following":false,"followed_by":false,"blocking":false,"profile_image_url_https":"https://pbs.twimg.com/profile_images/1898718859047149568/NHLuUjXP_normal.jpg","verified":false},"rest_id":"1868770097260642304","super_following":false,"super_follow_eligible":false,"super_followed_by":false,"affiliates_highlighted_label":{},"is_blue_verified":true,"identity_profile_labels_highlighted_label":{}},"id":"VXNlclJlc3VsdHM6MTg2ODc3MDA5NzI2MDY0MjMwNA=="},{"result":{"__typename":"User","id":"VXNlcjoxNjAzNzY1MDY5MTQ1NDIzODcz","community_role":"Member","legacy":{"id_str":"1603765069145423873","screen_name":"JMileiLegacy","name":"EL LEGADO DE MILEI","follow_request_sent":false,"protected":false,"following":false,"followed_by":false,"blocking":false,"profile_image_url_https":"https://pbs.twimg.com/profile_images/1851657131969167361/yMmO4XMG_normal.jpg","verified":false},"rest_id":"1603765069145423873","super_following":false,"super_follow_eligible":false,"super_followed_by":false,"affiliates_highlighted_label":{},"is_blue_verified":true,"identity_profile_labels_highlighted_label":{}},"id":"VXNlclJlc3VsdHM6MTYwMzc2NTA2OTE0NTQyMzg3Mw=="},{"result":{"__typename":"User","id":"VXNlcjoxNTIwNDE0MTY5ODAzMjM1MzMw","community_role":"Member","legacy":{"id_str":"1520414169803235330","screen_name":"Eduardo25606725","name":"Eduardo Bustos","follow_request_sent":false,"protected":false,"following":false,"followed_by":false,"blocking":false,"profile_image_url_https":"https://pbs.twimg.com/profile_images/1574635498924032003/QRb0wVcC_normal.jpg","verified":false},"rest_id":"1520414169803235330","super_following":false,"super_follow_eligible":false,"super_followed_by":false,"affiliates_highlighted_label":{},"is_blue_verified":false,"identity_profile_labels_highlighted_label":{}},"id":"VXNlclJlc3VsdHM6MTUyMDQxNDE2OTgwMzIzNTMzMA=="},{"result":{"__typename":"User","id":"VXNlcjoyNzUxMjg0MzQz","community_role":"Member","legacy":{"id_str":"2751284343","screen_name":"SLarrosablanco","name":"Silvia larrosablanco","follow_request_sent":false,"protected":false,"following":false,"followed_by":false,"blocking":false,"profile_image_url_https":"https://pbs.twimg.com/profile_images/1423780750986461185/ANBHQf6L_normal.jpg","verified":false},"rest_id":"2751284343","super_following":false,"super_follow_eligible":false,"super_followed_by":false,"affiliates_highlighted_label":{},"is_blue_verified":false,"identity_profile_labels_highlighted_label":{}},"id":"VXNlclJlc3VsdHM6Mjc1MTI4NDM0Mw=="},{"result":{"__typename":"User","id":"VXNlcjoxMzM3MTU3ODEwNDYzODM4MjEw","community_role":"Member","legacy":{"id_str":"1337157810463838210","screen_name":"murdoch_marina","name":"Marina Murdoch","follow_request_sent":false,"protected":false,"following":false,"followed_by":false,"blocking":false,"profile_image_url_https":"https://abs.twimg.com/sticky/default_profile_images/default_profile_normal.png","verified":false},"rest_id":"1337157810463838210","super_following":false,"super_follow_eligible":false,"super_followed_by":false,"affiliates_highlighted_label":{},"is_blue_verified":false,"identity_profile_labels_highlighted_label":{}},"id":"VXNlclJlc3VsdHM6MTMzNzE1NzgxMDQ2MzgzODIxMA=="},{"result":{"__typename":"User","id":"VXNlcjoxNDgwOTE4ODkyNjYyOTA2ODg5","community_role":"Member","legacy":{"id_str":"1480918892662906889","screen_name":"Proyectcondor","name":"Proyectcondor","follow_request_sent":false,"protected":false,"following":false,"followed_by":false,"blocking":false,"profile_image_url_https":"https://pbs.twimg.com/profile_images/1846354331546619904/nczRYv7R_normal.jpg","verified":false},"rest_id":"1480918892662906889","super_following":false,"super_follow_eligible":false,"super_followed_by":false,"affiliates_highlighted_label":{},"is_blue_verified":false,"identity_profile_labels_highlighted_label":{}},"id":"VXNlclJlc3VsdHM6MTQ4MDkxODg5MjY2MjkwNjg4OQ=="},{"result":{"__typename":"User","id":"VXNlcjoxNjMwMjQ1NjI0NDQzNTQ3NjU5","community_role":"Member","legacy":{"id_str":"1630245624443547659","screen_name":"SergioG86472800","name":"El Mejor gobierno de la historia","follow_request_sent":false,"protected":false,"following":false,"followed_by":false,"blocking":false,"profile_image_url_https":"https://pbs.twimg.com/profile_images/1891793657633619968/1TQYDQGA_normal.jpg","verified":false},"rest_id":"1630245624443547659","super_following":false,"super_follow_eligible":false,"super_followed_by":false,"affiliates_highlighted_label":{},"is_blue_verified":false,"identity_profile_labels_highlighted_label":{}},"id":"VXNlclJlc3VsdHM6MTYzMDI0NTYyNDQ0MzU0NzY1OQ=="},{"result":{"__typename":"User","id":"VXNlcjozNzYyMjQ4Mzc=","community_role":"Member","legacy":{"id_str":"376224837","screen_name":"CEDILLOLUFER","name":"LUIS CEDILLO","follow_request_sent":false,"protected":false,"following":false,"followed_by":false,"blocking":false,"profile_image_url_https":"https://pbs.twimg.com/profile_images/1656295051356405761/t__Y_D93_normal.jpg","verified":false},"rest_id":"376224837","super_following":false,"super_follow_eligible":false,"super_followed_by":false,"affiliates_highlighted_label":{},"is_blue_verified":false,"identity_profile_labels_highlighted_label":{}},"id":"VXNlclJlc3VsdHM6Mzc2MjI0ODM3"},{"result":{"__typename":"User","id":"VXNlcjoxODc3ODM2MzU0NjMxMjE3MTUy","community_role":"Member","legacy":{"id_str":"1877836354631217152","screen_name":"avalancha1983","name":"Avalanchalibertaria🦁🇦🇷","follow_request_sent":false,"protected":false,"following":false,"followed_by":false,"blocking":false,"profile_image_url_https":"https://pbs.twimg.com/profile_images/1899864676852211713/XE4uN8Sa_normal.jpg","verified":false},"rest_id":"1877836354631217152","super_following":false,"super_follow_eligible":false,"super_followed_by":false,"affiliates_highlighted_label":{},"is_blue_verified":false,"identity_profile_labels_highlighted_label":{}},"id":"VXNlclJlc3VsdHM6MTg3NzgzNjM1NDYzMTIxNzE1Mg=="},{"result":{"__typename":"User","id":"VXNlcjoyMzg2ODAzNjQx","community_role":"Member","legacy":{"id_str":"2386803641","screen_name":"SAVasaro","name":"Silvia Vasaro","follow_request_sent":false,"protected":false,"following":false,"followed_by":false,"blocking":false,"profile_image_url_https":"https://pbs.twimg.com/profile_images/1853964204031557632/Lcdgv-0H_normal.jpg","verified":false},"rest_id":"2386803641","super_following":false,"super_follow_eligible":false,"super_followed_by":false,"affiliates_highlighted_label":{},"is_blue_verified":false,"identity_profile_labels_highlighted_label":{}},"id":"VXNlclJlc3VsdHM6MjM4NjgwMzY0MQ=="},{"result":{"__typename":"User","id":"VXNlcjoyOTQ4ODc2NDY=","community_role":"Member","legacy":{"id_str":"294887646","screen_name":"HermanRamon","name":"Herman Quintero","follow_request_sent":false,"protected":false,"following":false,"followed_by":false,"blocking":false,"profile_image_url_https":"https://pbs.twimg.com/profile_images/3647649679/eb80f5c7ff7459483b1e2599221cc9c9_normal.jpeg","verified":false},"rest_id":"294887646","super_following":false,"super_follow_eligible":false,"super_followed_by":false,"affiliates_highlighted_label":{},"is_blue_verified":false,"identity_profile_labels_highlighted_label":{}},"id":"VXNlclJlc3VsdHM6Mjk0ODg3NjQ2"},{"result":{"__typename":"User","id":"VXNlcjoxNzAyODcwODEwNDAxMDQ2NTI4","community_role":"Member","legacy":{"id_str":"1702870810401046528","screen_name":"D4rio70","name":"El carpintero 🪚 Libertario","follow_request_sent":false,"protected":false,"following":false,"followed_by":false,"blocking":false,"profile_image_url_https":"https://pbs.twimg.com/profile_images/1851610394516733952/_ptxQyyz_normal.jpg","verified":false},"rest_id":"1702870810401046528","super_following":false,"super_follow_eligible":false,"super_followed_by":false,"affiliates_highlighted_label":{},"is_blue_verified":false,"identity_profile_labels_highlighted_label":{}},"id":"VXNlclJlc3VsdHM6MTcwMjg3MDgxMDQwMTA0NjUyOA=="},{"result":{"__typename":"User","id":"VXNlcjo1ODY3NzU1NDg=","community_role":"Member","legacy":{"id_str":"586775548","screen_name":"Chris_DiAcqua","name":"Christian DiAcqua","follow_request_sent":false,"protected":false,"following":false,"followed_by":false,"blocking":false,"profile_image_url_https":"https://pbs.twimg.com/profile_images/1888699984846970880/lFbhmpZ4_normal.jpg","verified":false},"rest_id":"586775548","super_following":false,"super_follow_eligible":false,"super_followed_by":false,"affiliates_highlighted_label":{},"is_blue_verified":true,"identity_profile_labels_highlighted_label":{}},"id":"VXNlclJlc3VsdHM6NTg2Nzc1NTQ4"},{"result":{"__typename":"User","id":"VXNlcjoyNzM2Nzk2MzY1","community_role":"Member","legacy":{"id_str":"2736796365","screen_name":"lilian25063","name":"Lilian Gutierrez","follow_request_sent":false,"protected":false,"following":false,"followed_by":false,"blocking":false,"profile_image_url_https":"https://pbs.twimg.com/profile_images/703179089440436224/JuI3LMNC_normal.jpg","verified":false},"rest_id":"2736796365","super_following":false,"super_follow_eligible":false,"super_followed_by":false,"affiliates_highlighted_label":{},"is_blue_verified":false,"identity_profile_labels_highlighted_label":{}},"id":"VXNlclJlc3VsdHM6MjczNjc5NjM2NQ=="},{"result":{"__typename":"User","id":"VXNlcjoxNjkyMDAyNjE2MDc3NjIzMjk2","community_role":"Member","legacy":{"id_str":"1692002616077623296","screen_name":"liberty11as","name":"Alex Solan 🦁🐍","follow_request_sent":false,"protected":false,"following":false,"followed_by":false,"blocking":false,"profile_image_url_https":"https://pbs.twimg.com/profile_images/1900680381105397760/bJsrdDax_normal.jpg","verified":false},"rest_id":"1692002616077623296","super_following":false,"super_follow_eligible":false,"super_followed_by":false,"affiliates_highlighted_label":{},"is_blue_verified":false,"identity_profile_labels_highlighted_label":{}},"id":"VXNlclJlc3VsdHM6MTY5MjAwMjYxNjA3NzYyMzI5Ng=="},{"result":{"__typename":"User","id":"VXNlcjoxNDc0MjI1OTY3MDI3NjYyODU4","community_role":"Member","legacy":{"id_str":"1474225967027662858","screen_name":"juanmabraico","name":"Juan Manuel 🇦🇷 🇮🇹","follow_request_sent":false,"protected":false,"following":false,"followed_by":false,"blocking":false,"profile_image_url_https":"https://pbs.twimg.com/profile_images/1890444103587876865/lY6cp12W_normal.jpg","verified":false},"rest_id":"1474225967027662858","super_following":false,"super_follow_eligible":false,"super_followed_by":false,"affiliates_highlighted_label":{},"is_blue_verified":true,"identity_profile_labels_highlighted_label":{}},"id":"VXNlclJlc3VsdHM6MTQ3NDIyNTk2NzAyNzY2Mjg1OA=="},{"result":{"__typename":"User","id":"VXNlcjoxNzIxNTUyOTY2MzI5NDU4Njg4","community_role":"Member","legacy":{"id_str":"1721552966329458688","screen_name":"VLLCbrucewayne","name":"John Marston🧉🇦🇷🦁✝️","follow_request_sent":false,"protected":false,"following":false,"followed_by":false,"blocking":false,"profile_image_url_https":"https://pbs.twimg.com/profile_images/1822544466349113344/gGQV2BF7_normal.jpg","verified":false},"rest_id":"1721552966329458688","super_following":false,"super_follow_eligible":false,"super_followed_by":false,"affiliates_highlighted_label":{},"is_blue_verified":false,"identity_profile_labels_highlighted_label":{}},"id":"VXNlclJlc3VsdHM6MTcyMTU1Mjk2NjMyOTQ1ODY4OA=="},{"result":{"__typename":"User","id":"VXNlcjoxNDk5ODgxNjEyNTMxNjE3Nzk1","community_role":"Member","legacy":{"id_str":"1499881612531617795","screen_name":"maxi79_R","name":"Maximiliano Rojas","follow_request_sent":false,"protected":false,"following":false,"followed_by":false,"blocking":false,"profile_image_url_https":"https://pbs.twimg.com/profile_images/1885735768649310208/Y0Tid3WC_normal.jpg","verified":false},"rest_id":"1499881612531617795","super_following":false,"super_follow_eligible":false,"super_followed_by":false,"affiliates_highlighted_label":{},"is_blue_verified":false,"identity_profile_labels_highlighted_label":{}},"id":"VXNlclJlc3VsdHM6MTQ5OTg4MTYxMjUzMTYxNzc5NQ=="},{"result":{"__typename":"User","id":"VXNlcjoxNjc2Mzg2NTAyODM2NjI1NDA5","community_role":"Member","legacy":{"id_str":"1676386502836625409","screen_name":"GordoFreemanLLA","name":"Gordo Freeman 🐍","follow_request_sent":false,"protected":false,"following":false,"followed_by":false,"blocking":false,"profile_image_url_https":"https://pbs.twimg.com/profile_images/1872091196870254592/zmzpfI8R_normal.jpg","verified":false},"rest_id":"1676386502836625409","super_following":false,"super_follow_eligible":false,"super_followed_by":false,"affiliates_highlighted_label":{},"is_blue_verified":false,"identity_profile_labels_highlighted_label":{}},"id":"VXNlclJlc3VsdHM6MTY3NjM4NjUwMjgzNjYyNTQwOQ=="},{"result":{"__typename":"User","id":"VXNlcjoxMTg4NzQyMTQ2ODQ2ODcxNTUz","community_role":"Member","legacy":{"id_str":"1188742146846871553","screen_name":"yeplaco1","name":"A Giacobbe & Asoc","follow_request_sent":false,"protected":false,"following":false,"followed_by":false,"blocking":false,"profile_image_url_https":"https://pbs.twimg.com/profile_images/1368730216353456129/VQ8TOvx3_normal.jpg","verified":false},"rest_id":"1188742146846871553","super_following":false,"super_follow_eligible":false,"super_followed_by":false,"affiliates_highlighted_label":{},"is_blue_verified":false,"identity_profile_labels_highlighted_label":{}},"id":"VXNlclJlc3VsdHM6MTE4ODc0MjE0Njg0Njg3MTU1Mw=="},{"result":{"__typename":"User","id":"VXNlcjo5MDYzMjUwMjYyMDI0MjMyOTc=","community_role":"Member","legacy":{"id_str":"906325026202423297","screen_name":"MerLiberal","name":"Milei eterno 🐍","follow_request_sent":false,"protected":false,"following":false,"followed_by":false,"blocking":false,"profile_image_url_https":"https://pbs.twimg.com/profile_images/1760684046160625664/0hi-9JiL_normal.jpg","verified":false},"rest_id":"906325026202423297","super_following":false,"super_follow_eligible":false,"super_followed_by":false,"affiliates_highlighted_label":{},"is_blue_verified":false,"identity_profile_labels_highlighted_label":{}},"id":"VXNlclJlc3VsdHM6OTA2MzI1MDI2MjAyNDIzMjk3"},{"result":{"__typename":"User","id":"VXNlcjoxMTk5NTU0NzY4OTM2NTUwNDAw","community_role":"Member","legacy":{"id_str":"1199554768936550400","screen_name":"AravenaEneas","name":"Eneas aravena","follow_request_sent":false,"protected":false,"following":false,"followed_by":false,"blocking":false,"profile_image_url_https":"https://pbs.twimg.com/profile_images/1892984372170498048/wouKZ9HV_normal.jpg","verified":false},"rest_id":"1199554768936550400","super_following":false,"super_follow_eligible":false,"super_followed_by":false,"affiliates_highlighted_label":{},"is_blue_verified":true,"identity_profile_labels_highlighted_label":{}},"id":"VXNlclJlc3VsdHM6MTE5OTU1NDc2ODkzNjU1MDQwMA=="},{"result":{"__typename":"User","id":"VXNlcjoxODU4NzIwMjExMDIyNTYxMjgw","community_role":"Member","legacy":{"id_str":"1858720211022561280","screen_name":"eduball854","name":"Eduardo Jose Balloni","follow_request_sent":false,"protected":false,"following":false,"followed_by":false,"blocking":false,"profile_image_url_https":"https://pbs.twimg.com/profile_images/1858720585385152512/ReRTlNJb_normal.jpg","verified":false},"rest_id":"1858720211022561280","super_following":false,"super_follow_eligible":false,"super_followed_by":false,"affiliates_highlighted_label":{},"is_blue_verified":false,"identity_profile_labels_highlighted_label":{}},"id":"VXNlclJlc3VsdHM6MTg1ODcyMDIxMTAyMjU2MTI4MA=="},{"result":{"__typename":"User","id":"VXNlcjoxODE4MTAwMTQyOTc0NTg2ODgw","community_role":"Member","legacy":{"id_str":"1818100142974586880","screen_name":"IntelectMiller","name":"MasterMiller","follow_request_sent":false,"protected":false,"following":false,"followed_by":false,"blocking":false,"profile_image_url_https":"https://pbs.twimg.com/profile_images/1866911973616627712/0I0E0ZXm_normal.jpg","verified":false},"rest_id":"1818100142974586880","super_following":false,"super_follow_eligible":false,"super_followed_by":false,"affiliates_highlighted_label":{},"is_blue_verified":true,"identity_profile_labels_highlighted_label":{}},"id":"VXNlclJlc3VsdHM6MTgxODEwMDE0Mjk3NDU4Njg4MA=="},{"result":{"__typename":"User","id":"VXNlcjoxMDEzMTE0NDQ5NDUwOTQ2NTYw","community_role":"Member","legacy":{"id_str":"1013114449450946560","screen_name":"Gabrielnoriearg","name":"Gabriel Noriega","follow_request_sent":false,"protected":false,"following":false,"followed_by":false,"blocking":false,"profile_image_url_https":"https://pbs.twimg.com/profile_images/1675698021105795072/HLZTOr1R_normal.jpg","verified":false},"rest_id":"1013114449450946560","super_following":false,"super_follow_eligible":false,"super_followed_by":false,"affiliates_highlighted_label":{},"is_blue_verified":false,"identity_profile_labels_highlighted_label":{}},"id":"VXNlclJlc3VsdHM6MTAxMzExNDQ0OTQ1MDk0NjU2MA=="},{"result":{"__typename":"User","id":"VXNlcjo5NTE1OTU1MDk3MjIwNDIzNjg=","community_role":"Member","legacy":{"id_str":"951595509722042368","screen_name":"Mileismo_OK","name":"Mileismo🦁","follow_request_sent":false,"protected":false,"following":false,"followed_by":false,"blocking":false,"profile_image_url_https":"https://pbs.twimg.com/profile_images/1880690509242306560/RveOxivQ_normal.jpg","verified":false},"rest_id":"951595509722042368","super_following":false,"super_follow_eligible":false,"super_followed_by":false,"affiliates_highlighted_label":{},"is_blue_verified":false,"identity_profile_labels_highlighted_label":{}},"id":"VXNlclJlc3VsdHM6OTUxNTk1NTA5NzIyMDQyMzY4"},{"result":{"__typename":"User","id":"VXNlcjoxNjM3ODg2MjY1MjIyNjM1NTIy","community_role":"Member","legacy":{"id_str":"1637886265222635522","screen_name":"PuntiYonatan","name":"Alberto Trajtenberg","follow_request_sent":false,"protected":false,"following":false,"followed_by":false,"blocking":false,"profile_image_url_https":"https://pbs.twimg.com/profile_images/1900234383828623360/048uvz4I_normal.jpg","verified":false},"rest_id":"1637886265222635522","super_following":false,"super_follow_eligible":false,"super_followed_by":false,"affiliates_highlighted_label":{},"is_blue_verified":false,"identity_profile_labels_highlighted_label":{}},"id":"VXNlclJlc3VsdHM6MTYzNzg4NjI2NTIyMjYzNTUyMg=="},{"result":{"__typename":"User","id":"VXNlcjoxNjc5MDY2MzE=","community_role":"Member","legacy":{"id_str":"167906631","screen_name":"martin_urqui","name":"El Tincho 🇧🇩🎸⚽","follow_request_sent":false,"protected":false,"following":false,"followed_by":false,"blocking":false,"profile_image_url_https":"https://pbs.twimg.com/profile_images/1789288045596053504/pjFRM1sY_normal.jpg","verified":false},"rest_id":"167906631","super_following":false,"super_follow_eligible":false,"super_followed_by":false,"affiliates_highlighted_label":{},"is_blue_verified":false,"identity_profile_labels_highlighted_label":{}},"id":"VXNlclJlc3VsdHM6MTY3OTA2NjMx"},{"result":{"__typename":"User","id":"VXNlcjo0ODM5MjMwNzg3","community_role":"Member","legacy":{"id_str":"4839230787","screen_name":"Lonelyliberty95","name":"Mario Otoya","follow_request_sent":false,"protected":false,"following":false,"followed_by":false,"blocking":false,"profile_image_url_https":"https://pbs.twimg.com/profile_images/1892758102769852418/S8x10aTb_normal.jpg","verified":false},"rest_id":"4839230787","super_following":false,"super_follow_eligible":false,"super_followed_by":false,"affiliates_highlighted_label":{},"is_blue_verified":false,"identity_profile_labels_highlighted_label":{}},"id":"VXNlclJlc3VsdHM6NDgzOTIzMDc4Nw=="},{"result":{"__typename":"User","id":"VXNlcjoxNjM4OTg5ODc3ODk0MTcyNjcy","community_role":"Member","legacy":{"id_str":"1638989877894172672","screen_name":"IsamettinBey","name":"Jesus Chávez","follow_request_sent":false,"protected":false,"following":false,"followed_by":false,"blocking":false,"profile_image_url_https":"https://pbs.twimg.com/profile_images/1844339205490573314/kPHxwR8B_normal.jpg","verified":false},"rest_id":"1638989877894172672","super_following":false,"super_follow_eligible":false,"super_followed_by":false,"affiliates_highlighted_label":{},"is_blue_verified":false,"identity_profile_labels_highlighted_label":{}},"id":"VXNlclJlc3VsdHM6MTYzODk4OTg3Nzg5NDE3MjY3Mg=="},{"result":{"__typename":"User","id":"VXNlcjoxNzM1Mzc4MjE0NzE1ODU4OTQ0","community_role":"Member","legacy":{"id_str":"1735378214715858944","screen_name":"MartinMuotri","name":"Montechingolo90210 (Reloaded)","follow_request_sent":false,"protected":false,"following":false,"followed_by":false,"blocking":false,"profile_image_url_https":"https://pbs.twimg.com/profile_images/1809630324973834240/oGZDyY-h_normal.jpg","verified":false},"rest_id":"1735378214715858944","super_following":false,"super_follow_eligible":false,"super_followed_by":false,"affiliates_highlighted_label":{},"is_blue_verified":false,"identity_profile_labels_highlighted_label":{}},"id":"VXNlclJlc3VsdHM6MTczNTM3ODIxNDcxNTg1ODk0NA=="},{"result":{"__typename":"User","id":"VXNlcjoxMTkzMjYzMTY0NDkxNzgwMDk2","community_role":"Member","legacy":{"id_str":"1193263164491780096","screen_name":"marietbo30","name":"Mari Etcheverry Boneo","follow_request_sent":false,"protected":false,"following":false,"followed_by":false,"blocking":false,"profile_image_url_https":"https://pbs.twimg.com/profile_images/1662289664126926849/CMr68AAw_normal.jpg","verified":false},"rest_id":"1193263164491780096","super_following":false,"super_follow_eligible":false,"super_followed_by":false,"affiliates_highlighted_label":{},"is_blue_verified":false,"identity_profile_labels_highlighted_label":{}},"id":"VXNlclJlc3VsdHM6MTE5MzI2MzE2NDQ5MTc4MDA5Ng=="},{"result":{"__typename":"User","id":"VXNlcjoxMjQ0NjQwOTc1NDkxOTA3NTg0","community_role":"Member","legacy":{"id_str":"1244640975491907584","screen_name":"caminodeservid1","name":"caminodeservidumbre","follow_request_sent":false,"protected":false,"following":false,"followed_by":false,"blocking":false,"profile_image_url_https":"https://pbs.twimg.com/profile_images/1246538740551614466/_C2MQdgJ_normal.jpg","verified":false},"rest_id":"1244640975491907584","super_following":false,"super_follow_eligible":false,"super_followed_by":false,"affiliates_highlighted_label":{},"is_blue_verified":true,"identity_profile_labels_highlighted_label":{}},"id":"VXNlclJlc3VsdHM6MTI0NDY0MDk3NTQ5MTkwNzU4NA=="},{"result":{"__typename":"User","id":"VXNlcjoxNzAwMDU1OTkwNDg0MjEzNzYw","community_role":"Member","legacy":{"id_str":"1700055990484213760","screen_name":"CrudeliaOK","name":"Luciano Iván","follow_request_sent":false,"protected":false,"following":false,"followed_by":false,"blocking":false,"profile_image_url_https":"https://pbs.twimg.com/profile_images/1776505070961483776/zs3Wi5FL_normal.jpg","verified":false},"rest_id":"1700055990484213760","super_following":false,"super_follow_eligible":false,"super_followed_by":false,"affiliates_highlighted_label":{},"is_blue_verified":true,"identity_profile_labels_highlighted_label":{}},"id":"VXNlclJlc3VsdHM6MTcwMDA1NTk5MDQ4NDIxMzc2MA=="},{"result":{"__typename":"User","id":"VXNlcjoxMzk1MDQ0MzgyNzg1NTYwNTgw","community_role":"Member","legacy":{"id_str":"1395044382785560580","screen_name":"Utopia_Cba","name":"Matt Graver","follow_request_sent":false,"protected":false,"following":false,"followed_by":false,"blocking":false,"profile_image_url_https":"https://pbs.twimg.com/profile_images/1395044586939166724/mUY9R-UG_normal.jpg","verified":false},"rest_id":"1395044382785560580","super_following":false,"super_follow_eligible":false,"super_followed_by":false,"affiliates_highlighted_label":{},"is_blue_verified":false,"identity_profile_labels_highlighted_label":{}},"id":"VXNlclJlc3VsdHM6MTM5NTA0NDM4Mjc4NTU2MDU4MA=="},{"result":{"__typename":"User","id":"VXNlcjoxNzE1NTUzMDU=","community_role":"Member","legacy":{"id_str":"171555305","screen_name":"PabloDGomez","name":"Pablo","follow_request_sent":false,"protected":false,"following":false,"followed_by":false,"blocking":false,"profile_image_url_https":"https://pbs.twimg.com/profile_images/1672273742452367361/8M2Q_uGu_normal.jpg","verified":false},"rest_id":"171555305","super_following":false,"super_follow_eligible":false,"super_followed_by":false,"affiliates_highlighted_label":{},"is_blue_verified":false,"identity_profile_labels_highlighted_label":{}},"id":"VXNlclJlc3VsdHM6MTcxNTU1MzA1"},{"result":{"__typename":"User","id":"VXNlcjoxODgwMDA3NjQwMjQ5NDI1OTIw","community_role":"Member","legacy":{"id_str":"1880007640249425920","screen_name":"katherinaglam","name":"Angela Iglesias","follow_request_sent":false,"protected":false,"following":false,"followed_by":false,"blocking":false,"profile_image_url_https":"https://pbs.twimg.com/profile_images/1896969488467116032/LBtQM1tb_normal.jpg","verified":false},"rest_id":"1880007640249425920","super_following":false,"super_follow_eligible":false,"super_followed_by":false,"affiliates_highlighted_label":{},"is_blue_verified":false,"identity_profile_labels_highlighted_label":{}},"id":"VXNlclJlc3VsdHM6MTg4MDAwNzY0MDI0OTQyNTkyMA=="},{"result":{"__typename":"User","id":"VXNlcjoxNjUxNzMwMTUyMjc4MDczMzQ0","community_role":"Member","legacy":{"id_str":"1651730152278073344","screen_name":"eldetestado2208","name":"Marcelo","follow_request_sent":false,"protected":false,"following":false,"followed_by":false,"blocking":false,"profile_image_url_https":"https://pbs.twimg.com/profile_images/1651730326706634752/L7kHIAWy_normal.png","verified":false},"rest_id":"1651730152278073344","super_following":false,"super_follow_eligible":false,"super_followed_by":false,"affiliates_highlighted_label":{},"is_blue_verified":false,"identity_profile_labels_highlighted_label":{}},"id":"VXNlclJlc3VsdHM6MTY1MTczMDE1MjI3ODA3MzM0NA=="},{"result":{"__typename":"User","id":"VXNlcjoxNjA4NTYyMzAwODM0Njg0OTI4","community_role":"Member","legacy":{"id_str":"1608562300834684928","screen_name":"OkamiComandante","name":"♰✠🇯🇪🇪🇦Loba_scarface_Dictadora🇪🇦🇯🇪✠♰","follow_request_sent":false,"protected":false,"following":false,"followed_by":false,"blocking":false,"profile_image_url_https":"https://pbs.twimg.com/profile_images/1874909613037928448/4bsB1Dmj_normal.jpg","verified":false},"rest_id":"1608562300834684928","super_following":false,"super_follow_eligible":false,"super_followed_by":false,"affiliates_highlighted_label":{},"is_blue_verified":true,"identity_profile_labels_highlighted_label":{}},"id":"VXNlclJlc3VsdHM6MTYwODU2MjMwMDgzNDY4NDkyOA=="},{"result":{"__typename":"User","id":"VXNlcjoxNDM1MjMyMDY4MTA0MDY5MTI4","community_role":"Member","legacy":{"id_str":"1435232068104069128","screen_name":"RikydjN","name":"RIKYDJ NTHEMIX","follow_request_sent":false,"protected":false,"following":false,"followed_by":false,"blocking":false,"profile_image_url_https":"https://pbs.twimg.com/profile_images/1435232281132683275/93_gq1xh_normal.jpg","verified":false},"rest_id":"1435232068104069128","super_following":false,"super_follow_eligible":false,"super_followed_by":false,"affiliates_highlighted_label":{},"is_blue_verified":false,"identity_profile_labels_highlighted_label":{}},"id":"VXNlclJlc3VsdHM6MTQzNTIzMjA2ODEwNDA2OTEyOA=="},{"result":{"__typename":"User","id":"VXNlcjoxNTU4MjQ4NjE0MDUyMzY0Mjg4","community_role":"Member","legacy":{"id_str":"1558248614052364288","screen_name":"hadretretah","name":"HADRET 🇨🇴","follow_request_sent":false,"protected":false,"following":false,"followed_by":false,"blocking":false,"profile_image_url_https":"https://pbs.twimg.com/profile_images/1897559172494786560/IRqaln1k_normal.jpg","verified":false},"rest_id":"1558248614052364288","super_following":false,"super_follow_eligible":false,"super_followed_by":false,"affiliates_highlighted_label":{},"is_blue_verified":false,"identity_profile_labels_highlighted_label":{}},"id":"VXNlclJlc3VsdHM6MTU1ODI0ODYxNDA1MjM2NDI4OA=="},{"result":{"__typename":"User","id":"VXNlcjoyODAzNzA0NDI5","community_role":"Member","legacy":{"id_str":"2803704429","screen_name":"FtKagamine","name":"Mauro Franco","follow_request_sent":false,"protected":false,"following":false,"followed_by":false,"blocking":false,"profile_image_url_https":"https://pbs.twimg.com/profile_images/716062008995659782/kY9sXat0_normal.jpg","verified":false},"rest_id":"2803704429","super_following":false,"super_follow_eligible":false,"super_followed_by":false,"affiliates_highlighted_label":{},"is_blue_verified":false,"identity_profile_labels_highlighted_label":{}},"id":"VXNlclJlc3VsdHM6MjgwMzcwNDQyOQ=="},{"result":{"__typename":"User","id":"VXNlcjo4Mjg4MTUyOTY0ODQwMTYxMjk=","community_role":"Member","legacy":{"id_str":"828815296484016129","screen_name":"_toctocNeo_","name":"..and justice for All 🕳","follow_request_sent":false,"protected":false,"following":false,"followed_by":false,"blocking":false,"profile_image_url_https":"https://pbs.twimg.com/profile_images/1880989186141929472/hoKyHjUo_normal.jpg","verified":false},"rest_id":"828815296484016129","super_following":false,"super_follow_eligible":false,"super_followed_by":false,"affiliates_highlighted_label":{},"is_blue_verified":false,"identity_profile_labels_highlighted_label":{}},"id":"VXNlclJlc3VsdHM6ODI4ODE1Mjk2NDg0MDE2MTI5"},{"result":{"__typename":"User","id":"VXNlcjoyNTcyNTAzMDU=","community_role":"Member","legacy":{"id_str":"257250305","screen_name":"ChinaNipona","name":"La China","follow_request_sent":false,"protected":false,"following":false,"followed_by":false,"blocking":false,"profile_image_url_https":"https://pbs.twimg.com/profile_images/1851455069687894016/5xtWox0K_normal.jpg","verified":false},"rest_id":"257250305","super_following":false,"super_follow_eligible":false,"super_followed_by":false,"affiliates_highlighted_label":{},"is_blue_verified":true,"identity_profile_labels_highlighted_label":{}},"id":"VXNlclJlc3VsdHM6MjU3MjUwMzA1"},{"result":{"__typename":"User","id":"VXNlcjozNTY4ODU3OTU=","community_role":"Member","legacy":{"id_str":"356885795","screen_name":"Maryl44","name":"Maryl44","follow_request_sent":false,"protected":false,"following":false,"followed_by":false,"blocking":false,"profile_image_url_https":"https://pbs.twimg.com/profile_images/1697338820876808192/zxdbBVqu_normal.jpg","verified":false},"rest_id":"356885795","super_following":false,"super_follow_eligible":false,"super_followed_by":false,"affiliates_highlighted_label":{},"is_blue_verified":false,"identity_profile_labels_highlighted_label":{}},"id":"VXNlclJlc3VsdHM6MzU2ODg1Nzk1"},{"result":{"__typename":"User","id":"VXNlcjo4MDk0OTExMDU=","community_role":"Member","legacy":{"id_str":"809491105","screen_name":"RamiroquaiXZ","name":"Ramiroquai","follow_request_sent":false,"protected":false,"following":false,"followed_by":false,"blocking":false,"profile_image_url_https":"https://pbs.twimg.com/profile_images/1900646914577575936/q4jipls4_normal.jpg","verified":false},"rest_id":"809491105","super_following":false,"super_follow_eligible":false,"super_followed_by":false,"affiliates_highlighted_label":{},"is_blue_verified":true,"identity_profile_labels_highlighted_label":{}},"id":"VXNlclJlc3VsdHM6ODA5NDkxMTA1"},{"result":{"__typename":"User","id":"VXNlcjoxODg1OTE2NzQ0MjQzMzQ3NDU2","community_role":"Member","legacy":{"id_str":"1885916744243347456","screen_name":"JorgeAlber60743","name":"George del 56% VLLC!","follow_request_sent":false,"protected":false,"following":false,"followed_by":false,"blocking":false,"profile_image_url_https":"https://pbs.twimg.com/profile_images/1892720197447868417/Sgjp_bUe_normal.jpg","verified":false},"rest_id":"1885916744243347456","super_following":false,"super_follow_eligible":false,"super_followed_by":false,"affiliates_highlighted_label":{},"is_blue_verified":false,"identity_profile_labels_highlighted_label":{}},"id":"VXNlclJlc3VsdHM6MTg4NTkxNjc0NDI0MzM0NzQ1Ng=="},{"result":{"__typename":"User","id":"VXNlcjoxODc4MjM0MzA1MzI5MDUzNjk2","community_role":"Member","legacy":{"id_str":"1878234305329053696","screen_name":"MantecoArg","name":"Mantecol","follow_request_sent":false,"protected":false,"following":false,"followed_by":false,"blocking":false,"profile_image_url_https":"https://pbs.twimg.com/profile_images/1878245331474829312/SXZEPjeu_normal.jpg","verified":false},"rest_id":"1878234305329053696","super_following":false,"super_follow_eligible":false,"super_followed_by":false,"affiliates_highlighted_label":{},"is_blue_verified":false,"identity_profile_labels_highlighted_label":{}},"id":"VXNlclJlc3VsdHM6MTg3ODIzNDMwNTMyOTA1MzY5Ng=="}]